{
    "roc_auc_score": 0.7907371903460314,
    "accuracy_score": 0.9991222218320986
}