{
    "roc_auc_score": 0.7650687138952373,
    "accuracy_score": 0.998718443874864
}